id,first_name,last_name,email,gender,ip_address
20,Babara,Hardaway,bhardawayj@oakley.com,Female,47.153.69.170
21,Alard,Crumb,acrumbk@360.cn,Male,219.36.193.101
22,Joeann,Masdon,jmasdonl@google.de,Female,144.79.10.69
23,Boote,Togwell,btogwellm@ebay.com,Agender,82.51.80.14
24,Shani,Wale,swalen@myspace.com,Genderqueer,15.10.165.131
25,Bennett,Pomphrett,bpomphretto@eventbrite.com,Male,60.170.162.118
26,Farleigh,Cockland,fcocklandp@sciencedirect.com,Male,74.76.89.105
27,Jaimie,Breach,jbreachq@squidoo.com,Male,167.230.194.96
28,Nappie,Bollon,nbollonr@aboutads.info,Male,160.195.33.41
29,Felice,Kornalik,fkornaliks@wordpress.org,Male,255.47.181.11
30,Giordano,Happer,ghappert@dailymotion.com,Male,15.72.50.224
