id,email,first_name,last_name,created_at,updated_at
1,vonnie.howman@yahoo.com,Vonnie,Howman,2024-02-17 23:22:13,2024-02-20 06:36:51
9,josh.oculligan@arcor.de,Josh,O' Culligan,2024-08-25 17:19:28,2024-09-04 09:19:19
9,leland.annatt@gmail.com,Leland,Annatt,2024-06-30 04:33:04,2024-07-10 00:51:13
4,mary.seneschal@gmail.com,Mary,Seneschal,2024-10-31 04:02:30,2024-11-09 03:57:20
6,stoddard.vesco@yahoo.co.in,Stoddard,Vesco,2024-03-09 00:28:33,2024-03-18 22:30:06
6,pietra.swetmore@bol.com.br,Pietra,Swetmore,2024-02-15 09:06:36,2024-02-25 03:56:41
7,shepherd.baudains@gmail.com,Shepherd,Baudains,2024-09-05 11:43:49,2024-09-14 19:43:23
8,margalo.giveen@yahoo.com,Margalo,Giveen,2024-12-28 20:30:03,2025-01-05 08:38:55
5,susanne.djorvic@yahoo.co.uk,Susanne,Djorvic,2024-07-21 20:07:10,2024-07-24 08:52:07
3,amii.scatchar@gmail.com,Amii,Scatchar,2024-03-12 13:11:34,2024-03-19 23:22:59
8,ingamar.flude@hotmail.com,Ingamar,Flude,2024-06-22 00:10:34,2024-06-23 10:27:27
1,tamarra.culpan@hotmail.es,Tamarra,Culpan,2024-12-10 19:43:40,2024-12-18 08:50:19
6,ardelia.vinnicombe@yahoo.com,Ardelia,Vinnicombe,2024-05-08 15:57:08,2024-05-18 04:12:48
7,de.ivanikhin@gmail.com,De,Ivanikhin,2024-01-25 17:23:56,2024-01-30 09:54:59
5,walther.cromblehome@yahoo.com,Walther,Cromblehome,2024-03-05 19:08:55,2024-03-13 21:06:26
2,melva.waiting@hotmail.com,Melva,Waiting,2024-08-19 05:18:28,2024-08-24 11:43:50
7,ross.dinsey@yahoo.com,Ross,Dinsey,2024-07-03 16:31:52,2024-07-12 11:30:42
2,aindrea.bozward@yahoo.com,Aindrea,Bozward,2024-10-05 04:43:26,2024-10-06 11:19:07
3,kirstin.macphee@msn.com,Kirstin,MacPhee,2024-04-19 16:18:07,2024-04-26 09:49:58
4,annalee.harrinson@yahoo.com,Annalee,Harrinson,2024-06-09 04:06:30,2024-06-17 09:49:06
7,calv.shotboult@yahoo.com,Calv,Shotboult,2024-12-28 20:10:33,2024-12-31 21:13:32
3,ludwig.lomasna@gmail.com,Ludwig,Lomasna,2024-09-12 05:02:14,2024-09-21 03:52:12
9,jeffie.rate@yahoo.com,Jeffie,Rate,2024-09-02 17:43:28,2024-09-05 02:21:32
6,nealon.gatward@gmail.com,Nealon,Gatward,2024-11-19 21:29:51,2024-11-23 14:36:15
4,rorie.hugueville@yahoo.com,Rorie,Hugueville,2024-02-05 03:46:28,2024-02-11 22:00:45
7,bertrando.harcase@hotmail.com,Bertrando,Harcase,2024-05-01 01:27:55,2024-05-10 09:48:30
7,kasper.falloon@gmail.com,Kasper,Falloon,2024-02-20 23:55:09,2024-02-27 17:51:37
7,bentlee.duplantier@hotmail.com,Bentlee,Du Plantier,2024-02-14 10:11:10,2024-02-19 13:43:44
9,kassia.gledstane@hotmail.fr,Kassia,Gledstane,2024-02-17 20:54:31,2024-02-26 00:36:38
5,dalila.jayne@gmx.de,Dalila,Jayne,2024-01-13 11:28:46,2024-01-15 03:28:18
1,kipp.bendixen@msn.com,Kipp,Bendixen,2024-07-25 06:44:32,2024-07-31 11:59:38
7,mose.fibbitts@msn.com,Mose,Fibbitts,2024-03-28 06:22:47,2024-04-03 14:57:27
1,kimberley.tibols@hotmail.com,Kimberley,Tibols,2024-05-28 20:47:41,2024-06-01 18:47:20
7,larina.dallander@yahoo.fr,Larina,Dallander,2024-07-31 08:29:10,2024-08-07 07:58:39
6,tatum.baudinet@yahoo.com.au,Tatum,Baudinet,2024-04-05 01:52:57,2024-04-12 03:48:06
6,bogart.emblen@hotmail.com,Bogart,Emblen,2024-01-23 13:16:18,2024-01-26 22:32:45
9,tedra.maudling@hotmail.com,Tedra,Maudling,2024-08-11 20:08:23,2024-08-20 10:01:14
4,ethelind.barneville@hotmail.it,Ethelind,Barneville,2024-11-24 18:14:03,2024-11-27 18:55:46
6,rennie.williamson@aol.com,Rennie,Williamson,2024-05-22 03:25:43,2024-05-25 22:18:25
8,delora.quinton@hotmail.com,Delora,Quinton,2024-03-22 03:17:53,2024-03-26 08:47:25
4,ileane.quennell@tiscali.it,Ileane,Quennell,2024-05-05 21:51:39,2024-05-07 15:06:48
6,jonie.leyband@hotmail.com,Jonie,Leyband,2024-02-13 18:49:05,2024-02-21 08:25:27
7,audre.minto@hotmail.com,Audre,Minto,2024-09-19 18:57:21,2024-09-20 21:13:57
9,toby.reddings@yahoo.com,Toby,Reddings,2024-05-04 01:28:17,2024-05-10 06:44:17
6,cyndi.major@hotmail.com,Cyndi,Major,2024-01-28 23:10:06,2024-02-03 00:29:31
6,laura.warbey@yahoo.com,Laura,Warbey,2024-06-25 21:02:47,2024-06-29 17:46:08
4,bianca.warlton@gmail.com,Bianca,Warlton,2024-08-16 02:19:58,2024-08-26 00:40:00
9,theo.megahey@yahoo.com,Theo,Megahey,2024-09-30 22:35:17,2024-10-04 03:29:18
6,doro.vogl@yahoo.com,Doro,Vogl,2024-09-27 12:43:54,2024-10-05 00:32:00
4,hildy.tees@yahoo.it,Hildy,Tees,2024-03-12 19:19:28,2024-03-21 21:54:19
8,ferris.maleney@yahoo.com,Ferris,Maleney,2024-09-08 06:03:58,2024-09-11 11:51:21
3,henrieta.phibb@gmail.com,Henrieta,Phibb,2024-02-27 03:54:35,2024-02-29 18:03:43
8,mose.blazynski@yahoo.co.jp,Mose,Blazynski,2024-08-05 10:00:27,2024-08-09 20:45:38
9,noe.webling@yahoo.com,Noe,Webling,2024-01-26 07:28:15,2024-01-31 08:39:45
3,nelly.lutman@gmail.com,Nelly,Lutman,2024-06-06 20:02:17,2024-06-14 11:46:31
3,cyrill.mccorley@hotmail.com,Cyrill,McCorley,2024-02-04 14:18:30,2024-02-06 06:25:31
8,garry.grimsey@yahoo.com,Garry,Grimsey,2024-09-01 12:06:04,2024-09-10 07:58:57
7,mason.celle@gmail.com,Mason,Celle,2024-05-22 23:58:11,2024-05-29 18:41:50
9,julieta.matlock@hotmail.fr,Julieta,Matlock,2024-06-20 13:22:30,2024-06-27 06:31:33
8,krystle.olrenshaw@hotmail.com,Krystle,Olrenshaw,2024-08-13 13:25:58,2024-08-16 09:42:07
6,helge.cardis@live.com,Helge,Cardis,2024-11-07 02:28:13,2024-11-11 02:59:40
1,jabez.clymer@yahoo.com,Jabez,Clymer,2024-12-09 16:23:49,2024-12-15 12:12:45
9,evanne.oldcroft@yahoo.fr,Evanne,Oldcroft,2024-12-28 00:01:37,2025-01-02 06:47:50
2,barry.elcock@yahoo.com,Barry,Elcock,2024-01-21 02:19:01,2024-01-24 20:32:16
1,jenelle.geary@gmail.com,Jenelle,Geary,2024-05-25 04:43:01,2024-05-30 00:40:15
1,chancey.davidescu@libero.it,Chancey,Davidescu,2024-03-20 08:44:48,2024-03-29 03:58:51
4,thornie.twoohy@gmail.com,Thornie,Twoohy,2024-06-11 14:43:43,2024-06-18 06:40:02
7,rock.fain@hotmail.co.uk,Rock,Fain,2024-02-24 17:28:57,2024-02-26 16:47:52
3,krystyna.grigson@gmail.com,Krystyna,Grigson,2024-08-12 17:08:00,2024-08-15 22:48:29
2,alphonse.boolsen@yahoo.com,Alphonse,Boolsen,2024-06-13 02:58:11,2024-06-21 23:28:34
7,corby.manville@yahoo.fr,Corby,Manville,2024-01-25 20:57:05,2024-02-01 06:41:34
9,zacharias.westman@yahoo.com,Zacharias,Westman,2024-06-27 03:18:50,2024-07-05 01:07:53
7,bobby.estcot@gmail.com,Bobby,Estcot,2024-05-30 18:03:02,2024-06-04 06:05:41
5,ossie.huntley@gmail.com,Ossie,Huntley,2024-04-21 10:07:36,2024-04-26 02:23:00
5,mallissa.duley@gmail.com,Mallissa,Duley,2024-05-28 18:17:21,2024-05-31 04:22:46
6,fanechka.fearns@hotmail.com,Fanechka,Fearns,2024-07-12 20:29:02,2024-07-14 21:38:57
6,archy.flather@yahoo.com,Archy,Flather,2024-08-19 16:00:45,2024-08-24 16:10:15
7,dalis.dumsday@hotmail.com,Dalis,Dumsday,2024-07-28 16:24:24,2024-08-01 12:15:13
3,denny.bolus@gmail.com,Denny,Bolus,2024-03-07 03:47:08,2024-03-16 23:57:31
7,erna.fatharly@gmail.com,Erna,Fatharly,2024-06-13 07:24:38,2024-06-16 21:25:17
5,flory.pilmore@hotmail.com,Flory,Pilmore,2024-11-07 00:41:57,2024-11-16 16:05:40
5,richardo.munroe@yahoo.com,Richardo,Munroe,2024-12-04 15:34:43,2024-12-12 21:12:05
1,algernon.broek@yahoo.com,Algernon,Broek,2024-05-21 08:48:13,2024-05-25 16:53:52
4,emelita.shergold@yahoo.co.in,Emelita,Shergold,2024-03-28 23:37:00,2024-04-05 12:09:21
6,martha.eagger@gmail.com,Martha,Eagger,2024-07-16 15:23:08,2024-07-20 01:08:26
6,adam.garrish@aol.com,Adam,Garrish,2024-06-07 03:03:59,2024-06-09 12:10:15
8,tuckie.okeaveny@gmail.com,Tuckie,O'Keaveny,2024-03-31 21:35:28,2024-04-07 05:57:27
6,vasili.gooday@yahoo.com,Vasili,Gooday,2024-06-23 16:13:07,2024-07-01 13:33:22
9,danyette.barlas@yahoo.com,Danyette,Barlas,2024-01-08 01:24:56,2024-01-10 17:56:36
5,lynda.stephens@yahoo.fr,Lynda,Stephens,2024-10-18 22:30:18,2024-10-26 13:00:13
8,dudley.kellard@yahoo.fr,Dudley,Kellard,2024-07-25 04:14:50,2024-07-28 21:37:35
7,blinni.belsey@comcast.net,Blinni,Belsey,2024-07-27 03:45:10,2024-07-29 06:12:01
2,donnajean.grabiec@earthlink.net,Donnajean,Grabiec,2024-10-23 02:06:01,2024-10-30 20:10:40
9,alexandre.pecey@hotmail.com,Alexandre,Pecey,2024-06-29 02:06:35,2024-07-05 08:10:12
8,freddy.bestar@hotmail.com,Freddy,Bestar,2024-02-21 18:17:32,2024-02-23 07:09:22
7,bryan.dominichetti@gmail.com,Bryan,Dominichetti,2024-04-25 06:22:07,2024-05-02 15:47:24
4,chiarra.galpen@gmail.com,Chiarra,Galpen,2024-07-18 15:46:48,2024-07-25 10:11:56
8,kristina.ratie@aol.com,Kristina,Ratie,2024-04-06 04:23:56,2024-04-07 19:57:05
6,bradney.kidson@yahoo.com,Bradney,Kidson,2024-11-24 04:26:15,2024-11-28 00:10:13
8,dino.giorgeschi@yahoo.com,Dino,Giorgeschi,2024-07-29 17:40:31,2024-08-01 11:52:41
